{
    "model": "DropoutFF",
    "x_inputs": "MCSW",
    "y_targets": "HAND_LARM_XYZ",
    "hidden_layer_count": 4,
    "hidden_layer_size": 128,
    "epochs": 200,
    "batch_size": 32,
    "learning_rate": 0.0001,
    "dropout": 0.2,
    "sequence_len": 1,
    "hash": "61b2833a28813a181237bfd46420b06d3b1196e9",
    "Loss/train": 0.2462410566540303,
    "Loss/test": 0.36926032541176945
}