{
    "model": "DropoutFF",
    "x_inputs": "HACKATHON",
    "y_targets": "H_XYZ",
    "hidden_layer_count": 4,
    "hidden_layer_size": 128,
    "epochs": 200,
    "batch_size": 64,
    "learning_rate": 0.0001,
    "dropout": 0.1,
    "sequence_len": 1,
    "normalize": false,
    "hash": "64ce7cfe3c6ba4918829617d8515f44772f4df04",
    "Loss/train": 0.0018542315007057453,
    "Loss/test": 0.0042879692615056635
}